{"cameraMode":{"drawMode":0,"name":"Shaded","section":"Shading Mode"},"sceneLighting":true,"audioPlay":false,"sceneViewState":{"m_AlwaysRefresh":false,"showFog":true,"showSkybox":true,"showFlares":true,"showImageEffects":true,"showParticleSystems":true,"showVisualEffectGraphs":true,"m_FxEnabled":true},"in2DMode":false,"pivot":{"x":-0.08916973322629929,"y":0.7744499444961548,"z":0.22728443145751954},"rotation":{"x":-0.1348058134317398,"y":0.040719520300626758,"z":-0.005462127737700939,"w":-0.9901516437530518},"size":0.6462881565093994,"orthographic":false}